rank,category,channel,구독자수,view,video
1,음악/댄스/가수,BLACKPINK,88200000,310억4076만,515개
2,음악/댄스/가수,BANGTANTV,74700000,203억0266만,"2,197개"
3,음악/댄스/가수,HYBE LABELS,70600000,277억3295만,"1,188개"
4,음악/댄스/가수,SMTOWN,31700000,269억5598만,"4,122개"
5,음악/댄스/가수,JYP Entertainment,26900000,194억1317만,"1,680개"
6,키즈/어린이,Boram Tube Vlog [보람튜브 브이로그],26500000,110억5288만,223개
7,음악/댄스/가수,1MILLION Dance Studio,26000000,78억0339만,"5,400개"
8,음악/댄스/가수,1theK (원더케이),24500000,237억1632만,"18,190개"
9,미분류,Alan Becker,22000000,51억1922만,153개
10,음악/댄스/가수,Mnet K-POP,20500000,147억4689만,"32,243개"
11,TV/방송,KBS WORLD TV,18900000,149억2136만,"63,188개"
12,음악/댄스/가수,officialpsy,18000000,105억6800만,128개
14,음식/요리/레시피,Jane ASMR 제인,17600000,72억7156만,"2,122개"
13,음악/댄스/가수,JFlaMusic,17600000,37억8734만,317개
15,음악/댄스/가수,TWICE,15800000,48억7046만,"1,092개"
16,음악/댄스/가수,BIGBANG,15000000,77억5904만,776개
17,음식/요리/레시피,Hongyu ASMR 홍유,14900000,49억8389만,633개
18,키즈/어린이,Boram Tube ToysReview [보람튜브 토이리뷰],14600000,50억0684만,608개
19,키즈/어린이,서은일상이야기,14000000,25억7528만,696개
20,키즈/어린이,BIBO와 장난감,12900000,31억6814만,184개
21,음악/댄스/가수,Stray Kids,12500000,30억2019만,770개
22,음식/요리/레시피,[햄지]Hamzy,11300000,38억1261만,602개
23,키즈/어린이,핑크퐁 (인기 동요・동화),11200000,70억5498만,"3,079개"
24,키즈/어린이,DuDuPopTOY,11000000,50억5356만,"2,524개"
25,키즈/어린이,토이몽 TV - ToyMong Tv,10900000,44억5517만,"1,347개"
26,음악/댄스/가수,TOMORROW X TOGETHER OFFICIAL,10700000,13억5437만,"1,495개"
28,미분류,GH'S,10600000,65억5146만,401개
27,음악/댄스/가수,Stone Music Entertainment,10600000,94억2749만,"10,072개"
29,TV/방송,MBCkpop,10300000,88억9766만,"45,946개"
30,키즈/어린이,Larva TUBA,10000000,45억0383만,"2,112개"
31,음식/요리/레시피,쏘영 Ssoyoung,9800000,15억0392만,793개
32,음악/댄스/가수,SEVENTEEN,9410000,39억9899만,"1,515개"
33,키즈/어린이,서은이야기[SeoeunStory],9390000,25억6394만,"1,213개"
34,음악/댄스/가수,EXO,9280000,8억8390만,413개
35,키즈/어린이,Boram Tube [宝蓝和朋友们],9200000,24억8274만,487개
36,음악/댄스/가수,Mnet TV,9060000,115억5726만,"22,217개"
37,TV/방송,M2,9020000,79억0290만,"19,080개"
38,뉴스/정치/사회,MBCentertainment,8950000,168억5968만,"97,437개"
39,음식/요리/레시피,문복희 Eat with Boki,8910000,24억5793만,708개
40,해외,Serie A,8830000,34억2371만,"25,561개"
41,음악/댄스/가수,iKON,8800000,25억1675만,628개
42,미분류,CRAZY GREAPA,8700000,71억7876만,708개
43,음악/댄스/가수,이지금 [IU Official],8520000,20억6996만,171개
44,음악/댄스/가수,ITZY,8210000,20억8025만,"1,065개"
45,음식/요리/레시피,tzuyang쯔양,8150000,18억7491만,525개
46,TV/방송,KBS Kpop,7750000,70억3347만,"38,620개"
47,음악/댄스/가수,ENHYPEN,7730000,12억4513만,836개
48,키즈/어린이,MariAndKids,7670000,22억4606만,699개
49,뉴스/정치/사회,JTBC Entertainment,7620000,116억8002만,"78,404개"
50,음악/댄스/가수,YG ENTERTAINMENT,7470000,19억2788만,410개
51,음식/요리/레시피,야미보이 Yummyboy,7420000,30억5992만,"1,049개"
53,미분류,승비니 Seungbini,7360000,50억2949만,606개
52,TV/방송,스브스케이팝 X INKIGAYO,7360000,58억1869만,"32,561개"
54,키즈/어린이,SonicToy소닉토이,7290000,31억4546만,170개
55,음악/댄스/가수,Sungha Jung,7080000,19억8145만,"1,381개"
56,키즈/어린이,미니특공대TV,7010000,39억1776만,"1,449개"
57,음악/댄스/가수,MAMAMOO,6950000,23억4009만,838개
58,음악/댄스/가수,TREASURE (트레저),6940000,19억6891만,723개
59,음악/댄스/가수,ALL THE K-POP,6800000,45억0838만,"26,714개"
60,TV/방송,SBS Entertainment,6760000,87억0907만,"226,400개"
61,회사/오피셜,YouTube Originals,6740000,6억6196만,481개
63,TV/방송,SBS Drama,6630000,73억5089만,"345,667개"
62,키즈/어린이,[장난감티비]TOYTV,6630000,29억8494만,"1,680개"
64,TV/방송,tvN drama,6620000,76억3463만,"51,993개"
65,음식/요리/레시피,5 분 Tricks,6560000,26억4953만,"4,481개"
66,키즈/어린이,With Kids Playground [위드키즈 놀이터],6400000,23억1519만,500개
67,회사/오피셜,Samsung,6380000,15억8692만,"1,788개"
69,미분류,NLE CHOPPA,6270000,22억7960만,369개
68,음악/댄스/가수,GOT7,6270000,8억9940만,579개
70,음악/댄스/가수,Rosesarerosie,6150000,7771만,10개
71,음악/댄스/가수,NCT DREAM,5990000,12억1184만,548개
72,패션/미용,PONY Syndrome,5950000,3억4020만,237개
73,음악/댄스/가수,starshipTV,5920000,39억9681만,"2,125개"
74,음악/댄스/가수,NCT,5860000,8억5501만,592개
75,키즈/어린이,미니팡TV,5850000,37억7955만,926개
76,음식/요리/레시피,백종원 PAIK JONG WON,5790000,9억0169만,524개
77,키즈/어린이,PinkyPopTOY,5770000,7억6142만,158개
79,음악/댄스/가수,2NE1,5600000,22억5659만,321개
78,BJ/인물/연예인,영국남자 Korean Englishman,5600000,19억7112만,521개
80,키즈/어린이,스위트티비 SweetTV,5590000,28억6203만,436개
81,미분류,MayTree,5560000,12억1372만,223개
82,키즈/어린이,TOY GUMA,5470000,18억0461만,393개
83,TV/방송,채널 십오야,5380000,14억6212만,825개
84,음식/요리/레시피,푸메Fume,5360000,11억9632만,668개
85,음악/댄스/가수,BT21,5340000,4억8563만,382개
88,음악/댄스/가수,(G)I-DLE (여자)아이들 (Official YouTube Channel),5310000,24억5447만,565개
87,음악/댄스/가수,Red Velvet,5310000,13억0524만,283개
86,키즈/어린이,베이비버스 -인기 동요・동화,5310000,37억9853만,"1,660개"
89,뉴스/정치/사회,SBS NOW / SBS 공식 채널,5290000,58억3813만,"24,355개"
90,키즈/어린이,콩순이 Kongsuni,5270000,49억9804만,"1,456개"
91,음악/댄스/가수,NCT 127,5200000,9억1983만,534개
92,BJ/인물/연예인,[Awesome Haeun]어썸하은,5180000,8억7274만,521개
94,TV/방송,KBS Entertain,5140000,91억0173만,"117,294개"
93,음악/댄스/가수,ASTRO 아스트로,5140000,6억4056만,646개
95,TV/방송,MBCdrama,4940000,57억8243만,"60,185개"
96,키즈/어린이,뽀로로(Pororo),4910000,68억8441만,"4,185개"
97,음식/요리/레시피,떵개떵,4890000,29억9157만,"4,927개"
98,키즈/어린이,ToyMart TV,4860000,19억9425만,697개
99,애완/반려동물,SBS TV동물농장x애니멀봐,4840000,46억5698만,"4,209개"
101,미분류,매일맛나 delicious day,4790000,4억8997만,329개
100,키즈/어린이,CoCosToy 꼬꼬스토이,4790000,29억9871만,687개
102,음식/요리/레시피,Cooking tree 쿠킹트리,4770000,4억8967만,"1,457개"
104,TV/방송,JTBC Drama,4740000,52억6189만,"27,922개"
103,음식/요리/레시피,까니짱 [ G-NI : 蟹ちゃん],4740000,14억0331만,772개
105,게임,EA SPORTS FIFA,4570000,8억4289만,804개
106,음악/댄스/가수,STUDIO CHOOM [스튜디오 춤],4510000,24억7750만,"1,492개"
107,TV/방송,채널 NCT DAILY,4470000,8억5154만,467개
108,취미/라이프,JaeYeol ASMR 재열,4450000,13억6052만,"1,216개"
109,음식/요리/레시피,하루한끼 one meal a day,4390000,4억7018만,217개
110,미분류,Walt Disney Studios,4370000,19억0267만,"1,417개"
111,음악/댄스/가수,Raon,4370000,11억3370만,398개
112,TV/방송,tvN D ENT,4350000,93억5527만,"25,660개"
113,키즈/어린이,슈슈토이 ShushuToysReview,4340000,14억1336만,495개
114,TV/방송,딩고 뮤직 / dingo music,4310000,18억6064만,"1,967개"
115,미분류,행복지수 103%,4290000,4387만,12개
117,키즈/어린이,유니가치 YuniGachi,4160000,3억7990만,259개
116,음식/요리/레시피,[Dorothy]도로시,4160000,10억4331만,945개
118,음식/요리/레시피,ZOEY ASMR 조이,4150000,11억0237만,848개
119,BJ/인물/연예인,허팝Heopop,4120000,38억2492만,"2,154개"
120,키즈/어린이,키즈팡TV,4070000,24억5547만,"2,217개"
121,음악/댄스/가수,WINNER,4050000,14억5140만,611개
122,BJ/인물/연예인,ARTBEAT,4030000,13억5474만,"2,614개"
123,미분류,Juventus,4010000,8억5396만,"4,075개"
124,뉴스/정치/사회,YTN,3900000,108억7037만,"675,504개"
125,키즈/어린이,제이제이 튜브 [JJ Tube],3890000,25억3908만,515개
126,TV/방송,TV-People,3880000,46억2718만,"20,441개"
127,TV/방송,KBS Drama,3870000,52억7319만,"130,009개"
128,TV/방송,워크맨-Workman,3850000,10억0399만,236개
131,키즈/어린이,Romiyu Vlog로미유 브이로그,3820000,7812만,68개
130,음식/요리/레시피,푸드킹덤 Food Kingdom,3820000,17억8556만,"1,154개"
129,음악/댄스/가수,Jessi,3820000,8억5761만,60개
132,키즈/어린이,EVANS,3810000,2만,5개
133,키즈/어린이,Lime Tube[라임튜브],3780000,28억5436만,"2,213개"
134,애완/반려동물,크림히어로즈,3770000,16억2508만,"1,101개"
136,키즈/어린이,English Singsing,3750000,8억4018만,"1,207개"
135,TV/방송,tvN,3750000,61억3625만,"79,006개"
138,취미/라이프,drawholic,3710000,4억8594만,393개
137,BJ/인물/연예인,waveya 2011,3710000,13억9690만,790개
139,회사/오피셜,Billboard,3700000,14억1435만,"9,011개"
140,음악/댄스/가수,백현 Baekhyun,3690000,4922만,18개
141,TV/방송,JTBC Voyage,3660000,51억8433만,"11,866개"
143,키즈/어린이,Milana FamilyShow[EN],3620000,10억6956만,112개
142,키즈/어린이,헤이지니 Hey Jini,3620000,26억9626만,"1,568개"
144,미분류,NewJeans,3600000,11억1389만,218개
145,게임,소맥거핀,3560000,13억6364만,301개
148,음식/요리/레시피,Chihun ASMR 치훈,3550000,7억8428만,733개
147,키즈/어린이,Boram y Juguetes,3550000,8억5820만,444개
146,영화/만화/애니,장삐쭈,3550000,18억0639만,499개
149,음악/댄스/가수,imlisarhee,3540000,5억6451만,708개
150,키즈/어린이,Like Nastya Collections,3530000,9억9652만,487개
151,음악/댄스/가수,KARD,3520000,7억2461만,374개
152,TV/방송,옐언니,3490000,24억2124만,772개
153,TV/방송,옛드 : MBC 레전드 드라마,3450000,63억3496만,"45,001개"
154,TV/방송,솔라시도 solarsido,3400000,2억4758만,357개
155,뉴스/정치/사회,SBS 뉴스,3380000,68억4363만,"171,157개"
156,키즈/어린이,EBS 키즈,3370000,45억6540만,"20,989개"
157,키즈/어린이,Boys Playtime,3360000,15억1532만,621개
161,음악/댄스/가수,THEBLACKLABEL,3310000,9억4989만,145개
160,키즈/어린이,리월드RIWORLD,3300000,13억5911만,213개
162,음악/댄스/가수,JAY PARK,3300000,10억9451만,181개
159,뉴스/정치/사회,MBCNEWS,3300000,106억0828만,"183,755개"
158,키즈/어린이,럭키강이 LuckyKang i,3300000,15억2090만,"1,570개"
163,취미/라이프,사나고 Sanago,3270000,5억1384만,181개
164,BJ/인물/연예인,보겸TV,3260000,27억2619만,"8,926개"
165,음식/요리/레시피,유디티TV,3220000,6억9270만,"1,165개"
166,BJ/인물/연예인,JOLLY,3200000,8억1475만,582개
167,TV/방송,ATEEZ,3190000,5억3896만,916개
168,취미/라이프,odg,3180000,6억8079만,218개
170,미분류,Bleacher Report,3170000,22억1795만,"9,490개"
169,TV/방송,EBSDocumentary (EBS 다큐),3170000,30억6827만,"34,808개"
173,키즈/어린이,Bob ToysReview,3140000,14억2340만,188개
172,음악/댄스/가수,HyunA,3140000,5억9360만,83개
171,키즈/어린이,Adventure Story 어드벤처 스토리,3140000,18억6940만,"3,886개"
175,스포츠/운동,피지컬갤러리,3120000,8억1603만,873개
174,키즈/어린이,MariAndToys,3120000,81만,70개
176,TV/방송,런닝맨 - 스브스 공식 채널,3070000,47억9056만,"55,193개"
177,뉴스/정치/사회,TVCHOSUN - TV조선,3060000,52억2099만,"84,449개"
178,취미/라이프,Thankyou BUBU,3040000,5억8875만,134개
179,음식/요리/레시피,FRAN,3030000,11억1448만,"1,840개"
180,키즈/어린이,꼬마버스 타요,3010000,23억3145만,"2,968개"
181,음식/요리/레시피,애정 Aejeong,3000000,5억8413만,622개
182,미분류,LE SSERAFIM,2980000,9억1266만,401개
183,뉴스/정치/사회,SBS Catch,2950000,32억6191만,"5,570개"
184,음식/요리/레시피,지현꿍,2920000,2억9779만,150개
188,음악/댄스/가수,GIRLS' GENERATION,2890000,4억0888만,129개
187,취미/라이프,Pan K's The Pancake Artist,2890000,9억5726만,613개
185,영화/만화/애니,지무비 : G Movie,2890000,12억3319만,493개
186,음악/댄스/가수,새송 Saesong,2880000,3억2010만,256개
189,BJ/인물/연예인,International Couple[사샤와 제이],2870000,4억5119만,207개
191,스포츠/운동,김종국 GYM JONG KOOK,2860000,2억7978만,116개
190,음식/요리/레시피,양수빈,2860000,5억3140만,403개
193,음악/댄스/가수,AKMU,2840000,9억6004만,164개
192,음식/요리/레시피,흥삼이네 Heungsam's Family,2840000,15억1953만,"1,696개"
194,미분류,차린건 쥐뿔도 없지만,2830000,2억1507만,26개
195,뉴스/정치/사회,JTBC News,2800000,65억5248만,"166,352개"
196,음식/요리/레시피,나도Nado,2770000,8억1608만,867개
197,영화/만화/애니,총몇명,2750000,12억1155만,445개
198,영화/만화/애니,CheezeFilm,2740000,8억5176만,332개
199,음식/요리/레시피,한세 HANSE,2700000,4억4826만,680개
201,해외,The Wiggles,2680000,36억5796만,804개
200,교육/강의,슈카월드,2680000,6억9722만,"1,385개"
203,BJ/인물/연예인,진용진,2640000,9억3565만,540개
202,취미/라이프,ASMR PPOMO,2640000,7억9502만,597개
204,TV/방송,디글 :Diggle,2620000,59억8812만,"28,691개"
206,미분류,IVE,2610000,10억0411만,365개
205,키즈/어린이,"토닥토닥 꼬모 - 애니메이션, 동요, 놀이",2610000,32억0360만,"1,159개"
207,키즈/어린이,보라미TV BoramiTV,2580000,9억0337만,625개
208,BJ/인물/연예인,흔한남매,2560000,30억5465만,"1,121개"
209,미분류,쿠킹하루 Cooking Haru :),2550000,3억1347만,177개
210,미분류,숏박스,2520000,4억4914만,88개
211,음악/댄스/가수,MONSTA X,2500000,4억8649만,525개
213,영화/만화/애니,짤툰,2490000,20억5980만,"1,292개"
212,TV/방송,스브스 예능맛집,2490000,23억1239만,"4,528개"
215,패션/미용,미지우 MEJIWOO,2480000,4956만,66개
214,음악/댄스/가수,THE K-POP,2480000,8억5379만,"12,711개"
216,음악/댄스/가수,OfficialGDRAGON,2470000,1억7570만,3개
217,TV/방송,PLAYLIST ORIGINALS 플레이리스트 오리지널,2450000,10억8075만,892개
219,음악/댄스/가수,KQ ENTERTAINMENT,2440000,10억9365만,634개
220,미분류,식탁일기 table diary,2430000,3억2832만,184개
218,뉴스/정치/사회,채널A 캔버스,2430000,33억4069만,"41,374개"
221,미분류,Kep1er,2420000,6억3837만,462개
223,음악/댄스/가수,SHINee,2390000,3억2489만,294개
222,키즈/어린이,ToyFamily,2390000,31만,35개
224,키즈/어린이,ToytubeTV 토이튜브TV,2380000,2억8842만,33개
225,음식/요리/레시피,[Nareum_TV] 나름TV,2360000,8억3250만,910개
227,음악/댄스/가수,mirrorHD,2350000,13억5062만,208개
226,IT/기술/컴퓨터,ITSub잇섭,2350000,9억2108만,"1,052개"
230,미분류,Sony Music (Japan),2340000,29억5051만,"3,764개"
229,미분류,ROOKIE MING 루키밍,2340000,13억8131만,849개
228,게임,도티 TV,2340000,27억8662만,"3,453개"
234,미분류,1분요리 뚝딱이형,2320000,9억6622만,790개
233,미분류,뽀송한 준_bosungjun,2320000,2억4329만,348개
232,음악/댄스/가수,A-YEON,2320000,3억0584만,65개
231,음악/댄스/가수,SUPER JUNIOR,2320000,1억8738만,308개
236,게임,감스트GAMST,2310000,18억1017만,"4,685개"
238,주식/경제/부동산,삼프로TV_경제의신과함께,2310000,9억9158만,"11,661개"
235,키즈/어린이,캐릭온 TV,2310000,25억6327만,"1,041개"
240,음악/댄스/가수,채널 NCT MUSIC,2300000,2억0830만,29개
239,음악/댄스/가수,여자친구 GFRIEND OFFICIAL,2300000,6억3764만,515개
237,BJ/인물/연예인,VIVA DANCE STUDIO,2300000,4억7260만,"3,052개"
243,미분류,팀일루션 노성율 - TEAM1LLUSION,2290000,23억6223만,615개
242,교육/강의,디바제시카DeevaJessica,2290000,10억8789만,"3,424개"
241,키즈/어린이,MariAndFriends,2290000,18억4101만,"2,136개"
244,TV/방송,아는형님 Knowingbros,2280000,15억3202만,"3,884개"
248,음악/댄스/가수,GOT7,2270000,9173만,27개
247,음악/댄스/가수,official IZ*ONE,2270000,7억8529만,270개
246,음악/댄스/가수,United CUBE (CUBE Entertainment Official YouTube Channel),2270000,7억5728만,"1,604개"
245,뉴스/정치/사회,KBS News,2270000,46억9506만,"249,952개"
252,뉴스/정치/사회,디글 클래식 :Diggle Classic,2260000,57억7067만,"31,574개"
251,음식/요리/레시피,JerryPop,2260000,8억4985만,413개
250,패션/미용,RISABAE,2260000,3억1087만,467개
249,BJ/인물/연예인,엔조이커플enjoycouple,2260000,10억0399만,724개
255,키즈/어린이,[wonderkids TV] 원더키즈 TV,2250000,10억4814만,"1,063개"
254,키즈/어린이,또봇 Tobot,2250000,29억1537만,"2,257개"
253,음악/댄스/가수,거리노래방,2250000,3억3962만,"1,101개"
256,키즈/어린이,토이영어TV - ToyEnglishTV,2240000,14억1874만,28개
257,음식/요리/레시피,이 남자의 cook,2230000,4억8951만,763개
258,TV/방송,보길 bogil,2220000,9억1041만,"1,133개"
260,BJ/인물/연예인,해그린달 haegreendal,2210000,9950만,62개
259,영화/만화/애니,고몽,2210000,12억5692만,743개
261,미분류,BABYMONSTER,2200000,2억6790만,40개
264,음악/댄스/가수,헨리 Henry Lau,2190000,2억5679만,302개
263,음악/댄스/가수,MLD ENTERTAINMENT,2190000,8억7271만,802개
262,음식/요리/레시피,도남이먹방Donam,2190000,7억4803만,"1,082개"
266,미분류,꿀주부 Honeyjubu,2180000,2억0710만,159개
265,음악/댄스/가수,채널 NCT DANCE,2180000,2억1671만,42개
268,키즈/어린이,Lime Doodles,2170000,8억0643만,"1,274개"
267,미분류,Stray Kids Japan Official YouTube,2170000,2억9018만,144개
270,패션/미용,free지아,2160000,2920만,34개
269,음악/댄스/가수,AOMGOFFICIAL,2160000,6억6202만,462개
271,게임,침착맨,2150000,16억5334만,"6,508개"
273,음악/댄스/가수,4Minute 포미닛(Official YouTube Channel),2140000,13억7697만,82개
272,교육/강의,올리버쌤,2140000,7억7570만,831개
276,음식/요리/레시피,꿀키honeykki,2130000,2억7892만,463개
275,애완/반려동물,수리노을SuriNoel,2130000,8억2516만,"1,207개"
274,BJ/인물/연예인,와썹맨-Wassup Man,2130000,3억3287만,193개
277,애완/반려동물,[THE SOY]루퐁이네,2120000,8억2865만,533개
278,뉴스/정치/사회,채널A 뉴스,2100000,33억0158만,"84,472개"
279,음악/댄스/가수,CL Official Channel,2090000,2억8803만,72개
281,음식/요리/레시피,FoodieBoy 푸디보이,2080000,7억5435만,"1,640개"
280,TV/방송,dingo freestyle,2080000,14억0356만,"1,290개"
285,키즈/어린이,Zorip - Nursery Rhymes,2070000,6억6410만,25개
284,취미/라이프,피식대학Psick Univ,2070000,8억5162만,901개
283,TV/방송,MBN Entertainment,2070000,22억1146만,"65,633개"
282,게임,잠뜰 TV,2070000,32억3103만,"3,531개"
287,애완/반려동물,밀키복이탄이MilkyBokiTan,2060000,7억4795만,573개
286,취미/라이프,Imaginative Guy,2060000,6억9875만,140개
288,음식/요리/레시피,밴쯔,2050000,11억6438만,"2,590개"
289,BJ/인물/연예인,대생 Daesaeng,2040000,17억0050만,"1,832개"
290,키즈/어린이,캐리TV 장난감친구들,2030000,28억6522만,"3,170개"
292,스포츠/운동,Allblanc TV,2020000,2억4377만,553개
291,음악/댄스/가수,THE BOYZ,2020000,6억0696만,761개
294,TV/방송,오킹TV,2010000,10억3818만,"1,869개"
293,영화/만화/애니,레이디버그TV,2010000,208만,27개
298,키즈/어린이,WildBrain 한국어,2000000,8억0394만,"2,896개"
297,음악/댄스/가수,SUGA - Topic,2000000,1억5063만,60개
296,미분류,1theK Originals - 원더케이 오리지널,2000000,12억4399만,"2,267개"
295,음악/댄스/가수,CHEN,2000000,3893만,16개
300,음악/댄스/가수,비몽,1990000,10억8489만,"5,129개"
299,음악/댄스/가수,EXID_OFFICIAL,1990000,7억3586만,341개
303,뉴스/정치/사회,EBSCulture (EBS 교양),1980000,14억7380만,"45,376개"
302,음악/댄스/가수,loonatheworld,1980000,8억3397만,"1,113개"
301,TV/방송,퇴경아 약먹자,1980000,3억6244만,700개
304,음악/댄스/가수,woolliment,1970000,9억1791만,938개
308,미분류,Teen Vogue,1960000,6억9835만,"1,424개"
307,키즈/어린이,핑키팝토이,1960000,9억1803만,"1,179개"
306,키즈/어린이,유라야놀자(Let's play YURA),1960000,22억9714만,"1,775개"
305,키즈/어린이,대문밖장덕대,1960000,9억3562만,"1,644개"
310,음악/댄스/가수,ARIRANG K-POP,1950000,8억6856만,"32,291개"
309,키즈/어린이,Dollightful,1950000,3억1893만,167개
311,음악/댄스/가수,BTOB 비투비 (Official YouTube Channel),1950000,6억6836만,997개
312,미분류,1분미만,1940000,5억9736만,321개
316,키즈/어린이,두두팝토이,1920000,10억9858만,"1,431개"
315,미분류,NMIXX,1920000,4억5423만,372개
314,TV/방송,문명특급 - MMTG,1920000,6억2723만,412개
313,교육/강의,jannahkorea 잔나코리아,1920000,2억9316만,586개
319,TV/방송,키에커,1910000,7억9760만,270개
318,스포츠/운동,SPOTV,1910000,14억9176만,"12,648개"
317,키즈/어린이,Toy Wizard [토이위자드],1910000,3087만,30개
322,미분류,Jung Kook - Topic,1890000,7455만,3개
321,TV/방송,KBS 한국방송,1890000,18억0632만,"32,044개"
320,음악/댄스/가수,DAY6,1890000,5억3515만,417개
324,BJ/인물/연예인,[상윤쓰]Sangyoon,1880000,4억5500만,213개
323,키즈/어린이,뉴욕이네,1880000,8억7676만,890개
328,미분류,XG,1870000,4억1458만,224개
327,키즈/어린이,Clay Adventure 클레이 모험,1870000,10억9085만,"1,344개"
326,TV/방송,tvN D STUDIO,1870000,6억8211만,"1,282개"
325,음악/댄스/가수,셀프어쿠스틱selfacoustic,1870000,5억0035만,245개
330,게임,혜안,1860000,9억9459만,"1,155개"
329,패션/미용,Wishtrend TV,1860000,1억8220만,"1,079개"
331,키즈/어린이,자이언트 펭TV,1840000,4억8107만,573개
333,애완/반려동물,내셔널지오그래픽 - National Geographic Korea,1830000,8억6154만,"3,584개"
332,IT/기술/컴퓨터,밝은 면 Bright Side Korea,1830000,5억6973만,"4,901개"
335,미분류,사피엔스 스튜디오,1820000,5억6369만,"4,327개"
334,교육/강의,데이브 World of Dave,1820000,4억7093만,678개
342,미분류,엠뚜루마뚜루 : MBC 공식 종합 채널,1810000,31억0107만,"5,324개"
341,음악/댄스/가수,FNCEnt,1810000,4억2851만,"1,627개"
340,뉴스/정치/사회,진성호방송,1810000,35억4164만,"13,672개"
339,음식/요리/레시피,입짧은햇님,1810000,8억3389만,"2,978개"
338,패션/미용,효진조 Hyojin Cho,1810000,2억2778만,440개
337,음식/요리/레시피,ASMR Suna 꿀꿀선아,1810000,4억7255만,487개
336,키즈/어린이,꾹TV(Kkuk TV),1810000,11억8701만,"1,715개"
344,키즈/어린이,티디키즈 (인기 동요・동화),1780000,11억5422만,578개
343,음악/댄스/가수,OfficialLEEHI,1780000,5억2039만,106개
349,미분류,Christian Dior,1770000,6억1133만,"1,232개"
348,음식/요리/레시피,ETTV 이티티비,1760000,8억5761만,"1,473개"
347,음악/댄스/가수,DJ SODA OFFICIAL,1760000,2억4228만,165개
346,뉴스/정치/사회,세바시 강연 Sebasi Talk,1760000,4억2683만,"2,651개"
345,BJ/인물/연예인,보물섬,1760000,15억1163만,593개
351,취미/라이프,낄낄상회,1750000,8억2165만,682개
350,애완/반려동물,슈앤트리 SHU AND TREE,1750000,4억2415만,562개
353,교육/강의,스터디언,1740000,2억6319만,"3,554개"
352,키즈/어린이,깨비키즈 [KEBIKIDS],1740000,19억2297만,"2,147개"
354,TV/방송,조재원,1740000,6억3447만,444개
357,미분류,planD플랜디,1730000,2억3234만,190개
356,게임,악동 김블루,1730000,13억1963만,"1,291개"
355,TV/방송,콬TV,1730000,6억9046만,"1,213개"
361,키즈/어린이,츈례쌤 CRS,1720000,6만,10개
360,TV/방송,INTHESOOP_TV,1720000,5038만,76개
359,TV/방송,14F 일사에프,1720000,7억5474만,"3,684개"
358,TV/방송,한문철 TV,1720000,23억2266만,"21,176개"
366,TV/방송,KBS HUMAN: 뭉클티비,1710000,10억0628만,"6,474개"
365,음악/댄스/가수,TAEYANG,1710000,2억4921만,61개
364,음악/댄스/가수,PENTAGON 펜타곤 (Official YouTube Channel),1710000,3억3756만,732개
363,국내/해외/여행,빠니보틀 Pani Bottle,1710000,3억7968만,289개
362,음악/댄스/가수,Daily Busking,1710000,7억1810만,"1,021개"
372,음악/댄스/가수,시즌비시즌 Season B Season,1700000,2억9941만,134개
371,주식/경제/부동산,신사임당,1700000,3억2091만,"1,564개"
370,뉴스/정치/사회,MBN News,1700000,18억8522만,"145,862개"
369,음악/댄스/가수,워너뮤직코리아 (Warner Music Korea),1700000,11억3780만,"3,789개"
368,키즈/어린이,지니키즈 Genikids (인기 동요・동화),1700000,14억1107만,"1,238개"
367,음식/요리/레시피,HONG SOUND,1700000,5억3286만,"1,316개"
375,뉴스/정치/사회,KBS Drama Classic,1690000,16억9633만,"19,490개"
374,게임,T1 Faker,1690000,3억6470만,"1,334개"
373,게임,우주하마,1690000,11억7956만,"2,311개"
380,키즈/어린이,Super JoJo-인기동요,1680000,8억0127만,548개
379,미분류,김작가 TV,1680000,4억4802만,"2,825개"
378,뉴스/정치/사회,SBS STORY,1680000,21억3129만,"84,134개"
377,BJ/인물/연예인,더블비,1680000,12억2391만,600개
376,게임,양띵 유튜브,1680000,20억9613만,"9,234개"
381,미분류,땅콩 Peanut,1670000,8억6425만,62개
383,음악/댄스/가수,Dreamcatcher official,1660000,5억9881만,622개
382,TV/방송,MKTV 김미경TV,1660000,3억5789만,"2,042개"
384,음악/댄스/가수,DOJIN도진이,1650000,9889만,66개
386,패션/미용,이수현 Official,1640000,1억3254만,132개
385,BJ/인물/연예인,웃소 Wootso,1640000,20억2903만,964개
387,애완/반려동물,강형욱의 보듬TV,1630000,4억1450만,800개
390,뉴스/정치/사회,KBS 다큐,1620000,10억6348만,"40,284개"
389,뉴스/정치/사회,뉴스TVCHOSUN,1620000,15억6088만,"86,497개"
388,음악/댄스/가수,버블디아,1620000,4억7229만,"1,339개"
391,음악/댄스/가수,NU'EST,1610000,2억7516만,687개
393,미분류,너덜트,1600000,2억2323만,47개
392,교육/강의,Talk To Me In Korean,1600000,7570만,"1,696개"
397,TV/방송,Beginagain 비긴어게인,1590000,8억4360만,"1,724개"
396,IT/기술/컴퓨터,약사가 들려주는 약 이야기,1590000,2억4206만,549개
395,영화/만화/애니,김시선,1590000,6억5311만,569개
394,게임,김재원의 즐거운 세상,1590000,21억2403만,"2,756개"
400,미분류,STAYC,1580000,7억9642만,477개
399,교육/강의,조승연의 탐구생활,1580000,1억4642만,335개
398,교육/강의,seemile Korean,1580000,1억1060만,"1,279개"
401,키즈/어린이,브라보키즈,1570000,16억5484만,"2,748개"
403,음식/요리/레시피,승우아빠,1560000,6억5503만,941개
402,음식/요리/레시피,파뿌리,1560000,18억1272만,"1,693개"
408,TV/방송,그것이 알고싶다,1550000,5억8281만,854개
407,회사/오피셜,미스&미스터트롯,1550000,17억2228만,"6,019개"
406,음악/댄스/가수,Lemoring,1550000,11억0269만,567개
405,게임,뜨뜨뜨뜨,1550000,8억5150만,"1,774개"
404,BJ/인물/연예인,JAYKEEOUT,1550000,2억4514만,236개
413,BJ/인물/연예인,혜리,1540000,1억0062만,97개
412,키즈/어린이,Edu car toy school,1540000,8억0926만,"1,397개"
411,TV/방송,동네놈들,1540000,4억3654만,492개
410,교육/강의,사물궁이 잡학지식,1540000,2억9251만,395개
409,게임,대도서관TV (buzzbean11),1540000,15억2583만,"10,458개"
417,음식/요리/레시피,칩chip,1530000,2억4325만,39개
416,게임,우왁굳의 게임방송,1530000,16억4746만,"7,828개"
415,키즈/어린이,헬로카봇 - hello carbot official,1530000,14억8821만,"1,537개"
414,게임,태경 TV,1530000,24억3796만,"3,135개"
422,미분류,곽튜브,1520000,3억1998만,294개
420,미분류,김소형채널H,1520000,3억4419만,"1,017개"
419,스포츠/운동,힙으뜸,1520000,4억9049만,458개
418,음식/요리/레시피,슈기님,1520000,6억4160만,"1,434개"
421,음악/댄스/가수,TJ KARAOKE TJ 노래방 공식 유튜브채널,1510000,21억1061만,"61,619개"
426,키즈/어린이,키글TV - 키즈 앱・장난감,1500000,8억0411만,"2,012개"
425,키즈/어린이,리콩수콩RikongSukong,1500000,4억7307만,625개
424,BJ/인물/연예인,임영웅,1500000,20억0730만,657개
423,음악/댄스/가수,ONEUS,1500000,4억0167만,703개
428,음악/댄스/가수,선미 SUNMI,1490000,5억3053만,286개
427,뉴스/정치/사회,오마이TV,1490000,13억0100만,"23,178개"
432,미분류,김대석 셰프TV,1480000,2억9341만,756개
431,음식/요리/레시피,히밥heebab,1480000,5억4621만,680개
430,음식/요리/레시피,최고다윽박,1480000,9억7725만,"1,954개"
429,TV/방송,Mera,1480000,13억5100만,"7,965개"
435,키즈/어린이,리틀엔젤 인기동요 어린이노래 - Little Angel,1470000,7억6093만,385개
434,미분류,CHUNG HA_Official,1470000,5억2026만,335개
433,음식/요리/레시피,먹어볼래TryToEat,1470000,2억7748만,293개
442,TV/방송,오분순삭,1460000,21억1909만,"2,720개"
441,영화/만화/애니,Netflix Korea 넷플릭스 코리아,1460000,5억6702만,"2,318개"
440,음악/댄스/가수,Chuther츄더[문에스더],1460000,2억5849만,206개
439,영화/만화/애니,리뷰엉이: Owl's Review,1460000,4억4081만,519개
438,패션/미용,ssin 씬님,1460000,4억5266만,801개
437,음악/댄스/가수,GENIE MUSIC,1460000,5억5200만,"4,836개"
436,뉴스/정치/사회,신의한수,1460000,11억3647만,"8,841개"
445,TV/방송,안구정화티비 Your Korean Friend Angoo,1450000,1억3698만,242개
444,TV/방송,BLACKHAND,1450000,3억7886만,60개
443,BJ/인물/연예인,요리왕비룡 Korean Food Cooking,1450000,3억0317만,910개
449,미분류,스튜디오 와플 - STUDIO WAFFLE,1440000,4억2350만,292개
448,TV/방송,sNack!,1440000,12억7626만,"2,372개"
447,음악/댄스/가수,Apink (에이핑크),1440000,5억5706만,855개
446,TV/방송,디스커버리 서바이벌 - Discovery Survival,1440000,5억5620만,995개
453,미분류,tripleS official,1430000,1억8501만,703개
452,미분류,자취요리신 simple cooking,1430000,2억8537만,746개
451,TV/방송,it's Live,1430000,4억8127만,737개
450,스포츠/운동,슛포러브,1430000,9억3903만,"1,049개"
454,TV/방송,우와한 비디오,1420000,16억9851만,"1,844개"
458,음악/댄스/가수,MOVE Dance Studio,1420000,3억1476만,"3,375개"
460,BJ/인물/연예인,신세경 sjkuksee,1410000,5835만,41개
459,음식/요리/레시피,취미로 요리하는 남자 Yonam,1410000,1억5551만,107개
457,음식/요리/레시피,엠브로 MBRO,1410000,0,0개
456,음식/요리/레시피,ARIKITCHEN (아리키친),1410000,3억9944만,640개
455,BJ/인물/연예인,양팡 YangPang,1410000,16억1750만,"2,834개"
463,음악/댄스/가수,Rock Music,1400000,7억7222만,"9,102개"
462,BJ/인물/연예인,급식왕,1400000,18억8983만,989개
461,음악/댄스/가수,K-Tigers TV,1400000,2억1999만,520개
469,미분류,[AmiAmi]아미아미,1390000,4억3247만,483개
468,미분류,고누리,1390000,6억5561만,730개
467,미분류,주부나라,1390000,3억9318만,"1,234개"
466,음악/댄스/가수,2PM,1390000,4억4921만,490개
465,TV/방송,놀면 뭐하니?,1390000,9억1469만,"1,258개"
464,패션/미용,kiu기우쌤,1390000,5억5206만,552개
471,뉴스/정치/사회,TBS 시민의방송,1380000,15억8893만,"39,618개"
470,애완/반려동물,크집사,1380000,3억6352만,653개
472,미분류,Jimin - Topic,1370000,5863만,17개
476,음악/댄스/가수,성시경 SUNG SI KYUNG,1360000,5억2712만,414개
475,TV/방송,KBS CoolFM,1360000,7억3450만,"12,369개"
474,음악/댄스/가수,BEAST 비스트 (Official YouTube Channel),1360000,6억2369만,118개
473,BJ/인물/연예인,NALU,1360000,1억0589만,177개
478,음악/댄스/가수,지켜츄 Chuu Can Do It,1350000,1억6900만,195개
477,IT/기술/컴퓨터,의학채널 비온뒤,1350000,4억2047만,"9,244개"
481,음악/댄스/가수,Prepix Dance Studio,1340000,2억5988만,"6,643개"
480,음식/요리/레시피,산적TV 밥굽남,1340000,3억4468만,681개
479,TV/방송,모비딕 Mobidic,1340000,5억1063만,"1,620개"
487,미분류,호갱구조대,1330000,3억0992만,184개
486,음악/댄스/가수,SEVENTEEN Japan official Youtube,1330000,2억7668만,122개
485,TV/방송,달라스튜디오,1330000,3억5613만,261개
484,뉴스/정치/사회,빽능 - SBS 옛날 예능,1330000,19억2558만,"6,091개"
483,BJ/인물/연예인,정선호,1330000,5억8561만,558개
482,TV/방송,Solfa,1330000,2억3306만,49개
488,미분류,핏블리 FITVELY,1320000,5억9688만,"1,373개"
492,미분류,스토리,1310000,3억2880만,79개
491,미분류,엄마의손맛,1310000,3억6827만,836개
490,BJ/인물/연예인,철구형 (CHULTUBE),1310000,13억4770만,"6,991개"
489,뉴스/정치/사회,사람사는세상노무현재단,1310000,1억8431만,"1,099개"
498,음악/댄스/가수,AOA,1300000,7억6444만,198개
497,TV/방송,스튜디오 잼스터,1300000,4억5682만,502개
496,영화/만화/애니,Tooniverse-투니버스,1300000,9억1513만,"4,123개"
495,BJ/인물/연예인,임다TV,1300000,5억5689만,"1,737개"
494,취미/라이프,Squash Clay 쪼물쪼물 클레이,1300000,2억6904만,493개
493,게임,겜브링 GGAM BRING,1300000,16억9753만,"2,681개"
507,미분류,제발돼라 PleaseBee,1290000,3억5946만,240개
506,미분류,퍼런안경_BLAS,1290000,3억3931만,153개
505,BJ/인물/연예인,공부왕찐천재 홍진경,1290000,2억0506만,198개
504,영화/만화/애니,Puuung,1290000,6837만,406개
503,뉴스/정치/사회,조선일보,1290000,10억1204만,"16,610개"
502,게임,Partition Zion,1290000,6억6481만,"1,071개"
501,TV/방송,DGG,1290000,4억2148만,499개
500,BJ/인물/연예인,장지수,1290000,5억0209만,954개
499,애완/반려동물,정브르,1290000,6억8468만,"1,929개"
512,미분류,Girls On Top,1280000,2억9957만,21개
511,미분류,요리용디 Yori Yongd,1280000,11억0966만,433개
510,영화/만화/애니,Hello Jadoo TV 안녕 자두야,1280000,3억9407만,851개
509,취미/라이프,휘트니 whitney bae,1280000,3억2916만,313개
508,TV/방송,딩고 스토리 / dingo story,1280000,3억5329만,416개
518,미분류,RMC Sport,1270000,6억6509만,"29,260개"
517,미분류,7FATES: CHAKHO by HYBE,1270000,6151만,32개
516,뉴스/정치/사회,SBS Radio 에라오,1270000,7억1789만,"18,850개"
515,음식/요리/레시피,BenDeen,1270000,2억1247만,580개
514,키즈/어린이,Leo and Luna,1270000,2억7771만,576개
513,게임,테스터훈 TesterHoon,1270000,10억8496만,"3,027개"
525,키즈/어린이,토비아트 - TobiART,1260000,4억3535만,137개
533,미분류,신사장,1260000,14억6649만,599개
524,스포츠/운동,식빵언니 김연경 Bread Unnie,1260000,8755만,94개
523,음악/댄스/가수,RealVIXX,1260000,4억1495만,798개
522,교육/강의,법륜스님의 즉문즉설,1260000,8억1605만,"1,967개"
521,뉴스/정치/사회,비디오머그 - VIDEOMUG,1260000,21억7082만,"6,830개"
520,패션/미용,회사원A,1260000,4억7345만,706개
519,취미/라이프,탱구TV,1260000,4923만,27개
534,키즈/어린이,베베핀 Bebefinn - 키즈 인기 동요,1250000,3억4520만,237개
532,BJ/인물/연예인,헌터퐝,1250000,3억8052만,433개
531,음악/댄스/가수,MUPLY 뮤플리,1250000,4억2667만,802개
530,뉴스/정치/사회,연합뉴스TV,1250000,17억2722만,"461,533개"
529,음식/요리/레시피,우리의식탁 W TABLE,1250000,1억0770만,496개
528,BJ/인물/연예인,ondo온도,1250000,1억3492만,263개
527,영화/만화/애니,달빛뮤즈,1250000,3억3694만,589개
526,음식/요리/레시피,가르마[GARMA],1250000,4억2933만,"1,402개"
536,음악/댄스/가수,DaftTaengk,1240000,5억0903만,"4,885개"
535,취미/라이프,Kim Miso,1240000,1억0937만,467개
544,주식/경제/부동산,미래에셋 스마트머니,1230000,1억4592만,"2,731개"
543,미분류,함께해요 맛나요리,1230000,3억8508만,928개
542,회사/오피셜,SM C&C STUDIO,1230000,2억2952만,"1,480개"
541,영화/만화/애니,뭅뭅,1230000,4억3040만,"3,167개"
540,국내/해외/여행,Rirang OnAir,1230000,1억9109만,248개
539,키즈/어린이,브레드이발소,1230000,6억7888만,"1,125개"
538,게임,악어 유튜브,1230000,15억9540만,"7,651개"
537,BJ/인물/연예인,박막례 할머니 Korea_Grandma,1230000,4억7205만,535개
551,TV/방송,걍밍경,1220000,1억3473만,82개
550,TV/방송,Coreaníssima 엘레나,1220000,9371만,251개
549,패션/미용,lamuqe,1220000,1억2418만,295개
548,뉴스/정치/사회,딴지방송국,1220000,3억2128만,846개
547,음악/댄스/가수,SUPER SOUND Bugs!,1220000,8억2765만,"4,026개"
546,음악/댄스/가수,Official A.C.E,1220000,1억8376만,597개
545,TV/방송,피키픽처스 Piki Pictures,1220000,5억4992만,"1,161개"
554,미분류,굿라이프,1210000,2억0893만,"2,137개"
553,음식/요리/레시피,DICKHUNTER딕헌터🌶,1210000,3억5015만,458개
552,애완/반려동물,haha ha,1210000,4억8195만,599개
559,음식/요리/레시피,수빙수tv sooBingsoo,1200000,4억6085만,417개
558,음악/댄스/가수,MORE THAN YOUTH,1200000,3억3214만,917개
557,TV/방송,티캐스트 tcast,1200000,12억6635만,"8,480개"
556,TV/방송,CJ ENM,1200000,18억0229만,"15,114개"
555,취미/라이프,Bandung Oppa 반둥오빠,1200000,1억1779만,533개
564,키즈/어린이,나나의인형놀이 Nana'sDollPlay,1190000,4억0851만,205개
563,미분류,키즐 kizzle,1190000,3억6182만,343개
562,TV/방송,eaJ,1190000,4430만,17개
561,취미/라이프,집꾸미기,1190000,1억6066만,392개
560,BJ/인물/연예인,수상한녀석들,1190000,2억6501만,172개
570,미분류,지식한입,1180000,1억3324만,140개
569,뉴스/정치/사회,KBS 교양,1180000,9억8371만,"69,947개"
568,BJ/인물/연예인,Lia Kim,1180000,6919만,60개
567,BJ/인물/연예인,사나이 김기훈,1180000,8억1460만,896개
566,BJ/인물/연예인,강유미 yumi kang좋아서 하는 채널,1180000,5억1136만,468개
565,영화/만화/애니,B Man 삐맨,1180000,6억7949만,708개
580,미분류,Tennis TV,1170000,12억4338만,"7,042개"
579,미분류,보다 BODA,1170000,6억1917만,852개
578,주식/경제/부동산,[삼성증권] Samsung POP,1170000,1억4513만,"2,419개"
577,TV/방송,KBS 같이삽시다,1170000,6억8900만,"6,387개"
576,TV/방송,KBS 1라디오,1170000,6억6378만,"19,947개"
575,TV/방송,준우,1170000,5억3831만,418개
574,뉴스/정치/사회,배승희 변호사,1170000,2억9355만,674개
573,키즈/어린이,마시따 MASITTA,1170000,7억4083만,244개
572,음식/요리/레시피,스윗더미 . Sweet The MI,1170000,1억1898만,318개
571,BJ/인물/연예인,Cheri Hyeri 체리 혜리,1170000,1억7197만,459개
585,TV/방송,KBS동물티비 : 애니멀포유 animal4u,1160000,10억0729만,"3,283개"
584,뉴스/정치/사회,신인균의 국방TV,1160000,7억9149만,"2,699개"
583,패션/미용,다또아Daddoa,1160000,9431만,190개
582,미분류,빠더너스 BDNS,1160000,4억1294만,658개
581,취미/라이프,rappeler하쁠리,1160000,5억1079만,956개
588,키즈/어린이,요올리Yoli,1150000,5억0033만,567개
587,음악/댄스/가수,KIM HYUN JOONG.official,1150000,1억7847만,517개
586,키즈/어린이,프리티에스더 PrettyEsther,1150000,6억4612만,746개
601,키즈/어린이,Paint Jelly,1140000,9억5588만,213개
600,키즈/어린이,Jelly Pong,1140000,1억4865만,6개
599,미분류,양장금주부,1140000,2억9526만,807개
598,미분류,짧은대본 ShortPaper,1140000,5억0742만,321개
597,음식/요리/레시피,야식이,1140000,4억5782만,"1,457개"
596,TV/방송,옛능 : MBC 옛날 예능 다시보기,1140000,19억8262만,"3,285개"
595,영화/만화/애니,PLAYY ANI 플레이애니,1140000,5억0229만,787개
594,TV/방송,SK telecom,1140000,9억6330만,"2,380개"
593,BJ/인물/연예인,Godtuk 턱형,1140000,4억2442만,505개
592,키즈/어린이,Minicar Story 미니카 스토리,1140000,6억8528만,"1,860개"
591,키즈/어린이,퍼플 토이박스(Purple Toy Box),1140000,7억0533만,"1,457개"
590,패션/미용,LeoJ Makeup,1140000,2억4856만,348개
589,음식/요리/레시피,야식이,1140000,4억5782만,"1,457개"
608,키즈/어린이,Boing Boing Kids,1130000,3억2630만,7개
607,음악/댄스/가수,강다니엘 KANGDANIEL,1130000,2억0233만,183개
606,BJ/인물/연예인,상해기SangHyuk,1130000,3억4548만,661개
605,음악/댄스/가수,CLC 씨엘씨 (Official YouTube Channel),1130000,2억7593만,188개
604,키즈/어린이,Toystar TV,1130000,5억0848만,99개
603,회사/오피셜,KB국민카드,1130000,2억2175만,600개
602,음식/요리/레시피,애주가TV참PD,1130000,6억2025만,"1,333개"
613,BJ/인물/연예인,크리스 [구 소련여자],1120000,1억9074만,151개
612,TV/방송,z a m,1120000,7억8009만,"2,963개"
611,게임,코너Korner,1120000,8억8707만,915개
610,영화/만화/애니,드림텔러(DreamTeller),1120000,1억8890만,190개
609,국내/해외/여행,코이티비 KOITV,1120000,9억3386만,"1,753개"
618,미분류,Bravo jamoasi,1110000,2억6591만,141개
617,해외,ZeeKay Junior,1110000,10억5095만,"1,168개"
616,영화/만화/애니,DAZBEE official,1110000,4억7960만,174개
615,취미/라이프,제이제이살롱드핏,1110000,2억8272만,675개
614,음식/요리/레시피,채널주인 부재중,1110000,11억1525만,"1,706개"
624,키즈/어린이,키글 토이 - 키즈 장난감,1100000,5억9559만,"1,215개"
623,영화/만화/애니,WatchcarTV,1100000,5억4257만,201개
622,뉴스/정치/사회,Newstapa,1100000,3억5226만,"4,180개"
621,음악/댄스/가수,Official fromis_9,1100000,4억7292만,807개
620,영화/만화/애니,신비아파트 공식채널 - Shinbi House,1100000,7억6175만,"1,982개"
619,IT/기술/컴퓨터,오빠두엑셀 l 엑셀 강의 대표채널,1100000,7754만,543개
640,키즈/어린이,해피팸(Happy family),1090000,5754만,133개
639,미분류,KCON official,1090000,2억8504만,"4,311개"
638,미분류,할명수,1090000,2억1562만,261개
637,해외,Variety,1090000,5억0466만,"5,063개"
636,키즈/어린이,주니토니 동요동화 - 키즈캐슬,1090000,9억6935만,941개
635,키즈/어린이,woojoo우주,1090000,3억6100만,85개
634,게임,유키 YOUKI,1090000,2억7041만,"1,013개"
633,음악/댄스/가수,PLEDIS ENTERTAINMENT,1090000,2억8733만,260개
632,음악/댄스/가수,CNBLUE (씨엔블루),1090000,2억5629만,215개
631,TV/방송,Dingo K-Drama,1090000,2억1286만,411개
630,패션/미용,써니채널 Sunny's Channel,1090000,1억1086만,201개
629,뉴스/정치/사회,엠빅뉴스,1090000,25억7723만,"5,681개"
628,게임,재넌Jaenune,1090000,6억8391만,"1,141개"
627,게임,기리TV,1090000,12억8886만,"2,777개"
626,키즈/어린이,뚜아뚜지TV,1090000,7억4993만,"1,796개"
625,TV/방송,이슈텔러 issueTeller,1090000,5억2052만,769개
649,미분류,하음쿠킹 Haeum Cooking,1080000,1억8057만,76개
648,해외,TNT,1080000,6억9627만,"4,809개"
647,TV/방송,유병재,1080000,2억4850만,217개
646,게임,돼지저금통,1080000,18억1619만,"4,446개"
645,음악/댄스/가수,UPVOTE Entertainment,1080000,2억7146만,"1,382개"
644,취미/라이프,효기심,1080000,1억3172만,153개
643,키즈/어린이,토깽이네,1080000,13억2989만,"1,824개"
642,BJ/인물/연예인,긱블 Geekble,1080000,4억1327만,525개
641,뉴스/정치/사회,[팟빵] 매불쇼,1080000,5억0195만,"1,454개"
654,미분류,정선근 TV,1070000,5251만,139개
653,미분류,집밥 korean home cooking,1070000,4억5203만,"1,385개"
652,뉴스/정치/사회,MBC 라디오 시사,1070000,6억9162만,"14,118개"
651,음식/요리/레시피,입질의추억TV jiminTV,1070000,4억4143만,600개
650,BJ/인물/연예인,유준호,1070000,5억3009만,"1,401개"
659,미분류,Louis Vuitton,1060000,4억8646만,511개
658,미분류,이리오너라,1060000,1억2554만,"1,922개"
657,미분류,주둥이방송,1060000,5억4117만,"1,780개"
656,패션/미용,안다 ANDA,1060000,1억1083만,253개
655,키즈/어린이,마이린 TV,1060000,8억4874만,"2,627개"
665,미분류,알간지Alganzi,1050000,1억7983만,446개
664,음식/요리/레시피,고기남자 MeatMan,1050000,2억0334만,118개
663,음악/댄스/가수,MUSIC&NEW 뮤직앤뉴,1050000,12억1916만,"9,235개"
662,TV/방송,fantagio 판타지오,1050000,3억3099만,285개
661,TV/방송,V LIVE,1050000,6억3730만,"2,821개"
660,뉴스/정치/사회,한국경제TV,1050000,2억7678만,"31,795개"
675,미분류,랄로,1040000,5억3019만,440개
674,게임,괴물쥐 유튜브,1040000,10억3660만,"1,349개"
673,미분류,연스커플 Yeon's Couple,1040000,2억5434만,362개
672,미분류,토모토모TomoTomo,1040000,2억2266만,197개
671,미분류,꽉잡아윤기-Kwakyoongy,1040000,2억6914만,709개
670,영화/만화/애니,DinoCore TUBA,1040000,7억4728만,861개
669,음악/댄스/가수,라이징 보이스 | RISING VOICE,1040000,5억4097만,"4,277개"
668,게임,쁘허,1040000,4억4444만,"1,274개"
667,TV/방송,딩고 스튜디오 / dingo studio,1040000,3억9714만,866개
666,게임,릴카,1040000,4억5645만,"1,064개"
682,키즈/어린이,POYO Music Official,1030000,8억3590만,"1,712개"
681,TV/방송,뻑가 PPKKa,1030000,9억1146만,"1,009개"
680,TV/방송,sankokesl,1030000,947만,116개
679,뉴스/정치/사회,서울의소리 Voice of Seoul,1030000,8억5768만,"16,582개"
678,키즈/어린이,Action Story 액션 스토리,1030000,5억0016만,"1,828개"
677,교육/강의,닥터프렌즈,1030000,2억5322만,847개
676,게임,잉여맨 유튜브,1030000,10억9549만,"2,728개"
693,미분류,Family Kim 패밀리김,1020000,1억8963만,291개
692,미분류,랄랄ralral,1020000,3억5553만,659개
691,BJ/인물/연예인,하하 PD HAHA PD,1020000,1억1172만,252개
690,미분류,KBS 레전드 케이팝,1020000,8억8151만,"15,808개"
683,미분류,웅이woongei,1020000,4억1426만,591개
689,음악/댄스/가수,OH MY GIRL,1020000,6억1127만,425개
688,음악/댄스/가수,MBC every1,1020000,13억2332만,"19,489개"
687,주식/경제/부동산,부읽남TV_내집마련부터건물주까지,1020000,1억6601만,"1,306개"
686,음식/요리/레시피,맛있는 녀석들 (Tasty Guys),1020000,13억4175만,"4,526개"
685,BJ/인물/연예인,Sibong 시봉,1020000,6473만,869개
684,게임,램램TV,1020000,9억6536만,"2,766개"
705,키즈/어린이,Bus Car Story 버스카 스토리,1010000,4억9074만,377개
704,키즈/어린이,Toy box,1010000,1억9262만,391개
703,미분류,싱글벙글,1010000,6억6576만,222개
702,미분류,유우키의 일본이야기 YUUKI,1010000,2억8373만,270개
701,미분류,육식맨 YOOXICMAN,1010000,2억3474만,199개
700,미분류,채꾸똥꾸 (Cherry & Dong),1010000,3억7548만,335개
699,자동차,김한용의 MOCAR,1010000,5억8132만,"1,998개"
698,뉴스/정치/사회,CBS 김현정의 뉴스쇼,1010000,5억6673만,"14,237개"
697,자동차,우파푸른하늘Woopa TV,1010000,6억2381만,"1,817개"
696,게임,텔론,1010000,11억4525만,"4,311개"
695,BJ/인물/연예인,U.M.A.우마,1010000,2억6703만,147개
694,애완/반려동물,소녀의행성 Girlsplanet,1010000,4억1298만,562개
715,미분류,김창옥TV,1000000,1억5890만,410개
714,미분류,이재성 박사의 식탁보감,1000000,1억1013만,373개
713,미분류,KPOP JAMM,1000000,3억6760만,"1,743개"
712,미분류,정찬성 Korean Zombie,1000000,3억0271만,292개
711,키즈/어린이,Robot Trains official,1000000,7억5414만,744개
710,TV/방송,Kyunghamin твоя корейская онни,1000000,1억2472만,424개
709,교육/강의,공부의신 강성태,1000000,3억1712만,"2,855개"
708,BJ/인물/연예인,내가조우남,1000000,4억4709만,"1,225개"
707,스포츠/운동,말왕TV,1000000,3억9021만,996개
706,패션/미용,디렉터 파이,1000000,1억6198만,369개
717,키즈/어린이,TOMONCAR,990000,5억5935만,443개
716,미분류,[ASMR]nara_나라,990000,1억7808만,344개
718,TV/방송,바바요 by iHQ,990000,7억6348만,"7,430개"
719,TV/방송,뉴스엔·NewsenTV,990000,3억7977만,"13,983개"
722,교육/강의,친절한 대학,990000,1억0727만,769개
721,음악/댄스/가수,The VOL (The Value of Labor),990000,1만,7개
720,게임,킴성태TV,990000,8억3616만,"2,012개"
726,키즈/어린이,로보카폴리 TV,990000,6억3770만,"1,579개"
724,미분류,시니어전성시대,990000,1억9164만,441개
723,TV/방송,밍꼬발랄Mingggo,990000,14억6797만,851개
725,미분류,[윤이련]50년 요리비결,990000,3억1511만,503개
728,음악/댄스/가수,H1GHR MUSIC,980000,3억1202만,642개
727,TV/방송,YG TREASURE BOX,980000,3억0023만,496개
731,미분류,TVCHOSUN JOY,980000,7억1974만,"3,154개"
730,음악/댄스/가수,SF9,980000,1억1152만,501개
729,BJ/인물/연예인,슛뚜sueddu,980000,5553만,248개
732,음식/요리/레시피,삼대장 Samdaejang,980000,6억2768만,"1,428개"
733,게임,T1,980000,3억2635만,"2,803개"
735,키즈/어린이,판타스틱  패밀리,980000,1억7310만,7개
734,키즈/어린이,JoyKids,980000,5억7001만,270개
736,미분류,deemd 딤디,980000,1억2239만,205개
737,TV/방송,덕출 : DCTVGO,970000,3억9618만,714개
743,미분류,이영지,970000,1억4595만,43개
739,뉴스/정치/사회,MTN 머니투데이방송,970000,12억6070만,"70,280개"
738,음식/요리/레시피,얌무YAMMoo,960000,2억0040만,565개
742,미분류,꼰대희,960000,3억1860만,320개
741,미분류,PREMIUM DANCE STUDIO,960000,3억0278만,"2,037개"
740,게임,Charming Jo 조매력,960000,3억6304만,"1,526개"
745,미분류,조여사전성시대,960000,2억5354만,713개
744,게임,범석TV,960000,7억2665만,"1,817개"
746,미분류,셜록현준,950000,8066만,133개
747,미분류,집나간아들 Runaway Son,950000,4억3857만,899개
749,키즈/어린이,드래곤디🎵 | 키즈 율동 동요,950000,7억6582만,"1,153개"
748,취미/라이프,츄팝,950000,4억6829만,478개
751,미분류,뜬뜬 DdeunDdeun,950000,8277만,81개
750,취미/라이프,ColorMonsters Toy,950000,5억4844만,"1,040개"
752,미분류,FIFTY FIFTY Official,950000,1억6853만,98개
753,BJ/인물/연예인,소근부부 S.K.Couple,950000,3억8110만,490개
754,키즈/어린이,신나TV,950000,2019만,4개
758,미분류,과학드림 [Science Dream],950000,1억9310만,145개
757,패션/미용,Saerom Min개코의 오픈스튜디오,950000,1억5285만,246개
756,게임,GCL 지씨엘,950000,3억1423만,393개
755,게임,탁주 TV,950000,23억1490만,"2,607개"
759,미분류,메리니즈부엌Meliniskitchen,940000,1억8037만,231개
761,미분류,너 진짜 똑똑하다,940000,7108만,156개
760,게임,액션홍구,940000,6억5349만,"3,301개"
763,미분류,무니키친MoonyKitchen,940000,1억2225만,409개
762,음악/댄스/가수,ALiEN,940000,2억0973만,344개
764,TV/방송,MAXIM KOREA,940000,2억6037만,"1,281개"
767,미분류,1분만,940000,5억3926만,926개
768,미분류,차미툰,940000,4억1513만,642개
766,TV/방송,KBS Joy,940000,18억7223만,"15,093개"
765,TV/방송,Zaty Farhani,940000,11억8964만,"2,615개"
770,미분류,CBS Sports Golazo,930000,6억9465만,"3,680개"
769,음악/댄스/가수,PARK JIHOON Official,930000,6534만,327개
773,TV/방송,배꼽빌라,930000,3억8605만,648개
772,음악/댄스/가수,LJ Dance,930000,1억6505만,"2,804개"
771,게임,Dorami,930000,2억4097만,"1,211개"
774,미분류,VOGUE Taiwan,930000,3억1366만,"7,330개"
775,교육/강의,라이브 아카데미,920000,9709만,"1,103개"
776,TV/방송,이라이라경 ravely,920000,4억4569만,586개
777,애완/반려동물,냥이아빠,920000,4억1247만,713개
778,미분류,노빠꾸탁재훈,920000,9897만,66개
781,미분류,밀라논나 Milanonna,920000,7915만,109개
780,음악/댄스/가수,장범준,920000,5억4564만,504개
779,BJ/인물/연예인,성수커플 - S.S Couple,920000,0,0개
783,미분류,샾잉 #ing,920000,27억0582만,"19,058개"
782,교육/강의,법륜스님의 희망세상만들기,920000,4억5934만,930개
785,음식/요리/레시피,허미노MINO,920000,3억9122만,"2,037개"
786,국내/해외/여행,EBS 컬렉션 - 라이프스타일,910000,6억0712만,"3,592개"
784,영화/만화/애니,구불,910000,3억1919만,322개
789,미분류,지식해적단,910000,1억1131만,160개
788,뉴스/정치/사회,채널A 뉴스TOP10,910000,8억4262만,"20,994개"
787,게임,김왼팔,910000,7억0421만,"2,761개"
790,영화/만화/애니,어퍼컷Tube,910000,2억2386만,245개
791,BJ/인물/연예인,띠미 ddimmi,910000,4억6248만,944개
793,미분류,달리 [SBS 교양 공식채널],910000,3억9889만,619개
792,음식/요리/레시피,the BOB studio | 더 밥 스튜디오,910000,2억1340만,"1,109개"
795,키즈/어린이,베이비버스 장난감 친구들!,910000,3억3919만,355개
794,음악/댄스/가수,wondergirls,910000,5억1094만,217개
796,미분류,건나물TV,900000,3억9535만,719개
798,음식/요리/레시피,소프,900000,3억6266만,"1,573개"
797,애완/반려동물,다흑,900000,6억3860만,"2,826개"
799,미분류,오늘의 주우재,900000,1억3332만,324개
802,미분류,썰레임 Ssuleim,900000,3억6601만,127개
801,TV/방송,히스토리,900000,6억5761만,"2,447개"
800,영화/만화/애니,토킹톰앤프렌즈,900000,3억5044만,323개
803,TV/방송,TongTongCulture,900000,6억5642만,"12,588개"
804,키즈/어린이,호기! 핑크퐁 - 놀면서 배워요,900000,5억3452만,"1,017개"
812,TV/방송,별놈들,900000,4억5019만,748개
805,미분류,미션 파서블,900000,1억6368만,211개
806,키즈/어린이,메카드 - MECARD OFFICIAL,890000,7억6401만,"1,525개"
809,미분류,leeminho film,890000,1598만,21개
808,영화/만화/애니,STUDIO LICO,890000,1억4590만,274개
807,국내/해외/여행,Sophie Kim _하은,890000,2948만,122개
810,음악/댄스/가수,missA,890000,4억2095만,49개
811,영화/만화/애니,람다람 RAMDARAM,890000,1억2443만,132개
813,취미/라이프,Dana ASMR,890000,3억1475만,255개
814,음악/댄스/가수,PianiCast - 피아니캐스트,880000,2억7867만,111개
815,TV/방송,Megan Moon,880000,1억5007만,555개
817,음악/댄스/가수,Healing Meditation,880000,1억1887만,386개
816,취미/라이프,Soy ASMR,880000,1억9537만,589개
819,키즈/어린이,Boram Tube Friends,880000,736만,73개
820,키즈/어린이,고고다이노,880000,7억0611만,"1,015개"
818,TV/방송,하나키키 Hanakiki,880000,3억5890만,859개
821,미분류,815머니톡,880000,3억4380만,"5,942개"
822,미분류,과나gwana,880000,2억2134만,158개
823,BJ/인물/연예인,남순 NS,870000,9억6640만,"3,663개"
824,키즈/어린이,롤롤라임[lollolraim],870000,1억1731만,212개
825,음악/댄스/가수,HYOLYN 효린,870000,2억7021만,229개
827,뉴스/정치/사회,스브스뉴스 SUBUSUNEWS,870000,11억4610만,"3,538개"
826,IT/기술/컴퓨터,1분과학,870000,8790만,72개
828,TV/방송,KBS Entertain: 깔깔티비,870000,14억6676만,"6,795개"
829,게임,군림보,870000,7억3821만,"5,377개"
831,미분류,TAEYONG,860000,1173만,17개
830,교육/강의,미미미누,860000,3억7409만,779개
837,미분류,BIBI,860000,2억8491만,53개
834,미분류,BRUSH,860000,4억0275만,434개
833,TV/방송,타임스낵,860000,3억0975만,302개
832,BJ/인물/연예인,(MUTUBE)와꾸대장봉준,860000,9억3494만,"7,781개"
836,미분류,복지마블TV [Welfare Marble],860000,1억2096만,572개
835,뉴스/정치/사회,전옥현 안보정론TV,860000,2억3273만,"2,583개"
841,미분류,CU [씨유튜브],860000,2억2053만,573개
840,미분류,직업의모든것,860000,3억8500만,391개
839,패션/미용,윤쨔미 YoonCharmi,860000,2억4396만,362개
838,영화/만화/애니,빨강도깨비,860000,3억5817만,346개
844,음악/댄스/가수,HOLLAND,860000,3230만,38개
843,게임,머독방송,860000,9억6320만,"11,802개"
842,음식/요리/레시피,서담 seodam,860000,1억8821만,412개
845,뉴스/정치/사회,고성국TV,860000,2억0768만,"2,831개"
846,취미/라이프,이연LEEYEON,850000,7260만,278개
848,게임,울산큰고래 박성주,850000,7억3346만,"3,623개"
847,취미/라이프,희철리즘Heechulism,850000,2억1659만,333개
849,TV/방송,김달,850000,3억5544만,844개
850,BJ/인물/연예인,풍자테레비,850000,3억4098만,"1,357개"
851,키즈/어린이,우가놀이 WOOGA play,840000,3억6862만,411개
852,TV/방송,라이프타임,840000,3억5500만,"2,028개"
854,음악/댄스/가수,HEADLINER,840000,2억2083만,204개
853,미분류,랭킹스쿨,840000,5억5103만,935개
861,미분류,에버랜드 - EVERLAND,840000,3억0148만,"2,470개"
856,미분류,지피티,840000,3억0238만,998개
855,뉴스/정치/사회,팩트TV NEWS,840000,2억5197만,"5,945개"
858,뉴스/정치/사회,성제준,840000,3억8155만,"2,062개"
857,취미/라이프,달려라치킨 Dalchi,840000,2억2265만,664개
859,패션/미용,Jella젤라,840000,7067만,252개
860,음악/댄스/가수,OFFICIAL EPIK HIGH,840000,4억0231만,259개
865,미분류,Cookie Run: Kingdom,830000,1억0345만,276개
864,키즈/어린이,LarvaKIDS TUBA,830000,6억0837만,528개
863,미분류,집나간햄지 Wandering Hamzy,830000,6404만,123개
862,TV/방송,김이브님 [kim eve],830000,6억3560만,"2,836개"
866,미분류,ROKSEAL,830000,1억4299만,208개
870,미분류,진정부부,830000,3억5161만,325개
869,뉴스/정치/사회,여수MBC Music+(Kpop&Trot),830000,5억2037만,"15,895개"
868,음악/댄스/가수,TSENT2008,830000,3억9458만,445개
867,패션/미용,UNA 유나,830000,7411만,185개
871,음식/요리/레시피,뽐뽐뽐,830000,8506만,300개
872,음악/댄스/가수,• m i n a m o c h i •,830000,3억6105만,102개
875,키즈/어린이,Enjoy Toys Shin,820000,3억6710만,246개
874,미분류,빵먹다살찐떡,820000,9억4539만,592개
873,미분류,임한올 Hanol Rim,820000,1억1909만,169개
876,음악/댄스/가수,VICTON 빅톤,820000,2억3785만,967개
877,교육/강의,동심파괴,820000,3억4518만,643개
878,TV/방송,smile -wA-,820000,5억1539만,"5,417개"
886,게임,LCK,820000,9억9428만,"6,907개"
879,게임,테드TV,820000,8억4089만,"2,719개"
884,키즈/어린이,버섯도리,820000,10억9971만,914개
881,키즈/어린이,PinkFongFongToys [핑크퐁퐁토이즈],820000,1644만,26개
880,뉴스/정치/사회,가로세로연구소,820000,2184만,358개
882,키즈/어린이,ToyCheff,820000,4억0261만,467개
885,미분류,교양만두,810000,2억5004만,231개
883,게임,연다,810000,6억3859만,"2,367개"
893,미분류,코믹마트,810000,5억2576만,775개
887,애완/반려동물,속삭이는몽자,810000,2억3238만,547개
888,게임,마재TV,810000,5억6563만,"3,546개"
890,뉴스/정치/사회,이봉규TV,810000,5억0859만,"7,207개"
889,취미/라이프,Mimine Miniature 미미네 미니어처,810000,1억6883만,169개
891,음악/댄스/가수,Jenny Yun,810000,1억2783만,574개
894,미분류,Jin & Juice,810000,1억8938만,295개
892,미분류,천재견 사월이sawol,810000,2억1613만,197개
898,미분류,VIVINOS,810000,1억0595만,49개
899,미분류,유 퀴즈 온 더 튜브,810000,4억8526만,"4,197개"
897,TV/방송,트래블튜브,810000,6억7260만,"1,403개"
896,TV/방송,스튜디오 룰루랄라 디랩 - SLLDLAB,810000,3억3507만,"1,306개"
895,음식/요리/레시피,영자씨의 부엌Young-Ja's Kitchen,810000,2억4226만,"1,472개"
901,TV/방송,디스패치 / Dispatch,800000,1억7138만,"8,810개"
900,IT/기술/컴퓨터,안될과학 Unrealscience,800000,1억1290만,695개
903,TV/방송,코미꼬,800000,2억9174만,638개
902,패션/미용,areumsongee아름송이,800000,7574만,245개
904,미분류,쿡피아 Cookpia,800000,1억4336만,252개
905,미분류,청정구역,800000,4억0051만,954개
908,미분류,ZICO,800000,3억8507만,135개
907,미분류,TOP MEDIA,800000,2억2667만,546개
906,TV/방송,찬우살이,800000,3334만,195개
909,뉴스/정치/사회,연합뉴스 Yonhapnews,800000,21억8017만,"35,919개"
911,게임,밍모,800000,6억0294만,"2,445개"
910,미분류,DAWN,800000,6824만,46개
913,취미/라이프,공구왕황부장,800000,2억2616만,610개
912,음악/댄스/가수,DKDKTV,790000,2억0634만,"1,408개"
914,미분류,TVING,790000,12억1233만,"6,617개"
916,미분류,TNX,790000,6548만,300개
920,미분류,프응TV,790000,2억4178만,260개
915,게임,김성회의 G식백과,790000,2억2211만,390개
917,뉴스/정치/사회,펜앤드마이크TV,790000,6억0224만,"13,512개"
919,미분류,깨방정,790000,3억3794만,456개
918,BJ/인물/연예인,쿠쿠크루 - Cuckoo Crew,790000,5억4581만,876개
921,게임,수탉,790000,4억6769만,"1,634개"
924,미분류,조나단,790000,1억2905만,187개
923,패션/미용,Heejoo 희주,790000,2171만,114개
922,키즈/어린이,Ace Art 에이스 아트,790000,4억0327만,857개
925,키즈/어린이,로봇알포 ARPO The Robot,790000,3억0279만,569개
926,음악/댄스/가수,CL,780000,6490만,5개
928,TV/방송,핫소스,780000,4663만,24개
927,영화/만화/애니,Sechi,780000,2억8836만,374개
929,미분류,sissel,780000,3036만,231개
930,음악/댄스/가수,BRANDNEW MUSIC,780000,3억9952만,"1,449개"
932,TV/방송,tweety 트위티,780000,1억4288만,257개
931,뉴스/정치/사회,[공식] 새날,780000,6억4233만,"8,141개"
936,미분류,논리왕 전기,770000,1억2351만,108개
935,뉴스/정치/사회,이재명,770000,1억6321만,"2,129개"
934,음식/요리/레시피,키미 Kimi,770000,5461만,75개
933,애완/반려동물,솜이네 곰이탱이여우,770000,5억0923만,"1,706개"
938,스포츠/운동,JK 아트사커 온라인,770000,5억4646만,660개
941,미분류,나몰라패밀리 핫쇼,770000,2억8712만,504개
940,미분류,Yummy Waffle 야미와플,770000,9억0881만,399개
939,TV/방송,LDF TV by lottedutyfree,770000,6억3937만,"1,476개"
943,TV/방송,하루 1분,770000,3172만,324개
942,영화/만화/애니,UTZI웃지,770000,650만,13개
945,주식/경제/부동산,전인구경제연구소,770000,1억0155만,941개
944,주식/경제/부동산,E트렌드,770000,1억4783만,"2,974개"
946,미분류,놀면서 배우는 심리학,770000,9728만,378개
950,뉴스/정치/사회,MBC PD수첩,770000,3억4135만,"2,427개"
937,BJ/인물/연예인,SUNBA선바,770000,12억5011만,"2,759개"
948,미분류,123 GO! Korean,770000,3억0151만,473개
947,취미/라이프,예뿍이의 작업방Yeppug,770000,2억2159만,719개
951,TV/방송,KBS역사저널 그날,770000,3억1962만,"3,203개"
952,키즈/어린이,조이퐁 JOYPONG,770000,2억9553만,588개
949,키즈/어린이,리틀조이 LittleJoy,770000,2억2089만,167개
955,미분류,옆집언니 최실장 stylist unnie,760000,1억3256만,622개
953,미분류,춤추는곰돌,760000,5억5124만,"3,254개"
954,음악/댄스/가수,MBC WORLD,760000,5억9891만,"4,756개"
956,미분류,JUNTV,760000,6550만,302개
957,취미/라이프,Ouvir 오비르,750000,1억5647만,233개
958,교육/강의,입시덕후,750000,5억2597만,668개
960,미분류,어썸코리아,750000,5억6947만,"1,167개"
959,TV/방송,제이제이,750000,2억5620만,688개
961,게임,두치와뿌꾸,750000,14억7927만,"14,024개"
963,미분류,카카오프렌즈 KAKAO FRIENDS,750000,5억6886만,518개
962,패션/미용,아옳이,750000,9316만,129개
964,키즈/어린이,Troom Troom Kr,750000,5억0084만,"2,463개"
965,음악/댄스/가수,HyunA 현아 (Official YouTube Channel),750000,1억1317만,10개
968,키즈/어린이,ZombieDumb,750000,3억7901만,670개
967,BJ/인물/연예인,StimBoy스팀보이,750000,3억5271만,614개
973,미분류,드립팩토리 [Dlib Factory],750000,3억6489만,399개
969,미분류,빅페이스 BIGFACE,750000,1억7010만,134개
966,TV/방송,STUDIO DIA 스튜디오 다이아,750000,2억1154만,537개
972,TV/방송,매미킴 TV,740000,3억0211만,443개
971,TV/방송,MBC 미스터리 : 심야괴담회 X 서프라이즈,740000,4억0091만,"2,739개"
970,패션/미용,한별Hanbyul,740000,1억4800만,331개
975,미분류,하알라,740000,2억4783만,339개
979,미분류,Everton Football Club,740000,2억4017만,"3,184개"
974,뉴스/정치/사회,뉴스데일리베스트,740000,2억3077만,"2,693개"
978,키즈/어린이,뽀로로 타요 장난감 놀이교실,740000,5억1224만,946개
977,음식/요리/레시피,인아짱 Inah Eats,740000,1억8271만,"1,168개"
976,키즈/어린이,애니한TV AnnieHanTV,740000,8억3679만,"1,752개"
981,미분류,빵빵이의 일상,740000,2억1410만,42개
980,교육/강의,BLACK DOOR,740000,1억2127만,635개
983,미분류,바라던 바다,740000,3억8318만,519개
982,뉴스/정치/사회,국방TV,740000,7억7616만,"12,736개"
984,주식/경제/부동산,단희TV,740000,1억0502만,"1,434개"
986,미분류,[에일리 OFFICIAL] aileemusic,740000,1억8601만,196개
985,취미/라이프,김나영의 nofilterTV,740000,1억8524만,465개
988,미분류,정라레_Lifestyle Doctor,740000,1억3096만,499개
987,TV/방송,POWER MOVIE,740000,2억6023만,222개
993,키즈/어린이,프랭키 키즈 TV LET'S PLAY FRANKY !,740000,3억6726만,292개
992,키즈/어린이,JOYJOY KIDS[조이조이키즈],740000,1억9036만,118개
991,미분류,SMP FLOOR,740000,1억1233만,259개
990,미분류,음뫄 핫소스,740000,2억9373만,243개
995,미분류,버미쌤,740000,1억9170만,324개
989,음악/댄스/가수,임창정,740000,3억1568만,432개
994,교육/강의,Conversational Korean,740000,3266만,411개
997,미분류,푸먹_foomuk,730000,3억8559만,58개
996,미분류,김지윤의 지식Play,730000,5939만,187개
1002,미분류,성창경TV,730000,10억3915만,"16,398개"
1001,TV/방송,KBS여행 걸어서 세계속으로,730000,2억7597만,"10,964개"
1000,미분류,빨간내복야코,730000,5억0834만,246개
